"Keyword";"Found in";"Repeats";"Density";"Prominence","asesoría";"TDKH1";"15";"5.05%";"71.31%"
"legal";"TDKH1";"9";"3.03%";"61.28%"
"fiscal";"TDKH1";"9";"3.03%";"69.40%"
"empresas";"TDKH1";"6";"2.02%";"77.50%"
"consultoría";"TDKH1";"6";"2.02%";"80.02%"
"con";"";"4";"1.35%";"36.11%"
"nosotros";"";"4";"1.35%";"41.33%"
"para";"";"4";"1.35%";"31.14%"
"comunicación";"";"3";"1.01%";"24.58%"
"legalmind";"TDH1";"3";"1.01%";"74.07%"
"gestión";"";"3";"1.01%";"61.73%"
"bidireccional";"";"2";"0.67%";"20.71%"
"personal";"";"2";"0.67%";"32.83%"
"cliente";"";"2";"0.67%";"23.40%"
"cada";"";"2";"0.67%";"43.10%"
"sobre";"";"2";"0.67%";"56.40%"
"proyectos";"";"2";"0.67%";"28.62%"
"equipo";"";"2";"0.67%";"22.73%"
"sus";"";"2";"0.67%";"52.86%"
"todos";"D";"2";"0.67%";"45.12%"
"más";"";"2";"0.67%";"41.41%"
"profesionales";"D";"2";"0.67%";"51.18%"
"tributarias";"";"2";"0.67%";"41.41%"
"actuaciones";"";"2";"0.67%";"57.74%"
"asesoramiento";"D";"2";"0.67%";"50.34%"
"las";"";"2";"0.67%";"60.44%"
"planificación";"";"2";"0.67%";"61.11%"
"los";"D";"2";"0.67%";"74.24%"
"acreedores";"";"2";"0.67%";"84.51%"
"expertos";"TDH1";"2";"0.67%";"93.94%"
"contacto";"";"2";"0.67%";"94.78%","Keyword";"Found in";"Repeats";"Density";"Prominence","asesoría fiscal";"TDKH1";"8";"5.39%";"68.48%"
"asesoría legal";"TDKH1";"6";"4.04%";"75.03%"
"de empresas";"TDKH1";"5";"3.37%";"80.00%"
"fiscal y";"TDH1";"4";"2.69%";"77.02%"
"y asesoría";"TDH1";"4";"2.69%";"81.06%"
"consultoría de";"TDKH1";"4";"2.69%";"88.47%"
"legal y";"";"3";"2.02%";"58.14%"
"en asesoría";"TDH1";"3";"2.02%";"79.12%"
"116 80";"";"2";"1.35%";"48.32%"
"cliente es";"";"2";"1.35%";"23.06%"
"nosotros para";"";"2";"1.35%";"26.60%"
"sobre nosotros";"";"2";"1.35%";"56.06%"
"equipo legal";"";"2";"1.35%";"22.39%"
"su asesoría";"";"2";"1.35%";"34.01%"
"asesoramiento y";"D";"2";"1.35%";"50.00%"
"y planificación";"";"2";"1.35%";"61.11%"
"empresas asesoría";"";"2";"1.35%";"69.19%"
"de gestión";"";"2";"1.35%";"59.43%"
"de acreedores";"";"2";"1.35%";"84.51%"
"expertos en";"TDH1";"2";"1.35%";"93.60%"
"empresas expertos";"H1";"2";"1.35%";"93.94%"
"legalmind consultoría";"H1";"2";"1.35%";"94.95%","Keyword";"Found in";"Repeats";"Density";"Prominence","consultoría de empresas";"TDKH1";"4";"4.04%";"88.13%"
"asesoría legal y";"";"3";"3.03%";"58.14%"
"asesoría fiscal y";"TDH1";"3";"3.03%";"77.22%"
"en asesoría fiscal";"TDH1";"3";"3.03%";"78.79%"
"116 80 72";"";"2";"2.02%";"47.98%"
"91 116 80";"";"2";"2.02%";"48.32%"
"fiscal y planificación";"";"2";"2.02%";"61.11%"
"de empresas asesoría";"";"2";"2.02%";"69.19%"
"y asesoría fiscal";"";"2";"2.02%";"69.53%"
"legal y asesoría";"";"2";"2.02%";"69.87%"
"y asesoría legal";"TDH1";"2";"2.02%";"91.92%"
"fiscal y asesoría";"TDH1";"2";"2.02%";"92.26%"
"expertos en asesoría";"TDH1";"2";"2.02%";"93.27%"
"empresas expertos en";"H1";"2";"2.02%";"93.60%"
"de empresas expertos";"H1";"2";"2.02%";"93.94%"
"legalmind consultoría de";"H1";"2";"2.02%";"94.61%","Keyword";"Found in";"Repeats";"Density";"Prominence","91 116 80 72";"";"2";"2.69%";"47.98%"
"legal y asesoría fiscal";"";"2";"2.69%";"69.53%"
"asesoría legal y asesoría";"";"2";"2.69%";"69.87%"
"fiscal y asesoría legal";"TDH1";"2";"2.69%";"91.92%"
"asesoría fiscal y asesoría";"TDH1";"2";"2.69%";"92.26%"
"en asesoría fiscal y";"TDH1";"2";"2.69%";"92.59%"
"expertos en asesoría fiscal";"TDH1";"2";"2.69%";"92.93%"
"empresas expertos en asesoría";"H1";"2";"2.69%";"93.27%"
"de empresas expertos en";"H1";"2";"2.69%";"93.60%"
"consultoría de empresas expertos";"H1";"2";"2.69%";"93.94%"
"legalmind consultoría de empresas";"H1";"2";"2.69%";"94.28%"